country_or_area,year,commodity,quantity(kg)
India,2013,Milled Rice,10105058138
India,2014,Milled Rice,9991927609
India,2015,Milled Rice,9662944538
Thailand,2014,Milled Rice,9514526260
India,2012,Milled Rice,9329935224
Thailand,2011,Milled Rice,9185063259
India,2016,Milled Rice,9059156125
Thailand,2008,Milled Rice,8672446635
Thailand,2015,Milled Rice,8617536169
Thailand,2010,Milled Rice,7589515179
Viet Nam,2012,Milled Rice,7477407478
Thailand,2007,Milled Rice,7408298560
Thailand,2009,Milled Rice,6902445667
Viet Nam,2011,Milled Rice,6832625649
Viet Nam,2010,Milled Rice,6694144920
Viet Nam,2013,Milled Rice,6307539668
Viet Nam,2014,Milled Rice,6122146210
Viet Nam,2015,Milled Rice,6048015520
Thailand,2006,Milled Rice,5996394616
Thailand,2013,Milled Rice,5898992088
India,2007,Milled Rice,5808761020
Thailand,2012,Milled Rice,5771762908
Viet Nam,2009,Milled Rice,5726329856
India,2011,Milled Rice,4758841459
Viet Nam,2006,Milled Rice,4552140458
Viet Nam,2008,Milled Rice,4535529063
Viet Nam,2007,Milled Rice,4523426852
India,2006,Milled Rice,4237469801
Pakistan,2010,Milled Rice,3573340092
India,2008,Milled Rice,3497747865
Pakistan,2006,Milled Rice,3444530992
Pakistan,2014,Milled Rice,3190452008
Pakistan,2016,Milled Rice,3151413630
Pakistan,2013,Milled Rice,3134477984
Pakistan,2011,Milled Rice,3062941000
Pakistan,2009,Milled Rice,2898419992
Pakistan,2008,Milled Rice,2828904984
Pakistan,2012,Milled Rice,2823407230
Pakistan,2015,Milled Rice,2673349000
Pakistan,2007,Milled Rice,2579700344
India,2010,Milled Rice,2489687452
India,2009,Milled Rice,2127185574
United States of America,2010,Milled Rice,2085361403
United States of America,2015,Milled Rice,1972363986
United States of America,2006,Milled Rice,1951143923
United States of America,2011,Milled Rice,1947812816
United States of America,2012,Milled Rice,1942890808
United States of America,2013,Milled Rice,1924848034
United States of America,2016,Milled Rice,1855435814
United States of America,2014,Milled Rice,1767068100
United States of America,2008,Milled Rice,1705756299
United States of America,2009,Milled Rice,1705585179
United States of America,2007,Milled Rice,1693346890
China,2007,Milled Rice,1152662482
Egypt,2007,Milled Rice,1123494338
China,2006,Milled Rice,1089617387
Egypt,2006,Milled Rice,917242766
Bangladesh,2015,Milled Rice,899916306
China,2008,Milled Rice,799473933
Brazil,2011,Milled Rice,758308640
Uruguay,2012,Milled Rice,733326011
Uruguay,2009,Milled Rice,705769525
Uruguay,2014,Milled Rice,701903468
Uruguay,2013,Milled Rice,691316555
Uruguay,2011,Milled Rice,672759511
Italy,2010,Milled Rice,655614392
Brazil,2012,Milled Rice,652022708
Uruguay,2016,Milled Rice,651286990
China,2009,Milled Rice,621262328
Italy,2014,Milled Rice,614039125
Italy,2008,Milled Rice,613224429
Italy,2013,Milled Rice,601964318
Italy,2006,Milled Rice,592272795
Italy,2012,Milled Rice,589325820
Italy,2009,Milled Rice,583544660
Uruguay,2010,Milled Rice,581835117
Italy,2015,Milled Rice,564260146
Italy,2011,Milled Rice,563586415
Egypt,2009,Milled Rice,560430027
Italy,2007,Milled Rice,559780428
Benin,2010,Milled Rice,552933525
Uruguay,2007,Milled Rice,550019616
Uruguay,2006,Milled Rice,527124418
Italy,2016,Milled Rice,526807210
Cambodia,2016,Milled Rice,525583841
United Arab Emirates,2008,Milled Rice,521657106
Uruguay,2015,Milled Rice,520908877
Uruguay,2008,Milled Rice,500478348
China,2010,Milled Rice,471346501
Cambodia,2015,Milled Rice,461013602
United Arab Emirates,2016,Milled Rice,455722224
Egypt,2010,Milled Rice,453259861
Myanmar,2010,Milled Rice,450008567
United Arab Emirates,2015,Milled Rice,448225760
Brazil,2015,Milled Rice,443947643
Australia,2012,Milled Rice,428684273
Australia,2013,Milled Rice,409217030
Argentina,2013,Milled Rice,386251629
Argentina,2011,Milled Rice,385921243
Argentina,2016,Milled Rice,376424806
Argentina,2009,Milled Rice,359335811
Australia,2014,Milled Rice,356998842
Argentina,2012,Milled Rice,351492977
Brazil,2009,Milled Rice,348811268
Cambodia,2013,Milled Rice,348132508
Myanmar,2011,Milled Rice,347293557
Cambodia,2014,Milled Rice,340710212
Argentina,2014,Milled Rice,333037795
Brazil,2014,Milled Rice,332438305
Paraguay,2016,Milled Rice,327718409
Egypt,2008,Milled Rice,324042619
Brazil,2008,Milled Rice,319453613
Brazil,2013,Milled Rice,317857158
China,2011,Milled Rice,314649971
United Arab Emirates,2012,Milled Rice,310276149
Australia,2015,Milled Rice,307974733
United Arab Emirates,2007,Milled Rice,300850186
China,2016,Milled Rice,297596070
Australia,2011,Milled Rice,285185545
Australia,2006,Milled Rice,284813420
Argentina,2006,Milled Rice,284193836
Argentina,2008,Milled Rice,283027894
Argentina,2007,Milled Rice,274229448
Argentina,2010,Milled Rice,265518070
China,2013,Milled Rice,245292909
Argentina,2015,Milled Rice,243372904
Egypt,2013,Milled Rice,231006488
China,2014,Milled Rice,227918150
Paraguay,2015,Milled Rice,219138167
EU-28,2014,Milled Rice,215995284
China,2012,Milled Rice,211149501
Brazil,2016,Milled Rice,208651663
EU-28,2015,Milled Rice,208547200
EU-28,2010,Milled Rice,199265877
Cambodia,2012,Milled Rice,194365931
Russia,2012,Milled Rice,181691628
Paraguay,2014,Milled Rice,177573051
Paraguay,2013,Milled Rice,177568630
Australia,2007,Milled Rice,171868988
Singapore,2014,Milled Rice,171678023
Cambodia,2011,Milled Rice,167569789
EU-28,2011,Milled Rice,165215743
EU-28,2013,Milled Rice,164396539
Netherlands,2009,Milled Rice,162458476
Belgium,2013,Milled Rice,158351122
EU-28,2012,Milled Rice,157173844
Ecuador,2006,Milled Rice,156505869
Netherlands,2015,Milled Rice,145390993
Belgium,2016,Milled Rice,144584744
Australia,2016,Milled Rice,142538543
EU-28,2008,Milled Rice,142478398
Belgium,2015,Milled Rice,140250534
Benin,2009,Milled Rice,137892321
Singapore,2015,Milled Rice,136836166
Paraguay,2012,Milled Rice,136024364
Singapore,2013,Milled Rice,134969120
Brazil,2010,Milled Rice,134005722
Belgium,2014,Milled Rice,132999940
Netherlands,2014,Milled Rice,129124567
United Arab Emirates,2014,Milled Rice,128069652
Netherlands,2016,Milled Rice,127537113
Spain,2011,Milled Rice,127513307
Spain,2014,Milled Rice,123541699
Russia,2015,Milled Rice,122639594
EU-28,2006,Milled Rice,119823832
Guyana,2010,Milled Rice,119359265
EU-28,2009,Milled Rice,118568639
Spain,2013,Milled Rice,118076872
Guyana,2009,Milled Rice,118053907
Spain,2006,Milled Rice,117729385
EU-28,2007,Milled Rice,117385309
Belgium,2011,Milled Rice,117312538
Spain,2015,Milled Rice,117150295
Spain,2007,Milled Rice,117117699
Spain,2010,Milled Rice,116514837
Belgium,2008,Milled Rice,115667447
Spain,2016,Milled Rice,115592366
Belgium,2010,Milled Rice,115573515
Belgium,2012,Milled Rice,115223277
Netherlands,2013,Milled Rice,114116933
Spain,2012,Milled Rice,113521949
Germany,2015,Milled Rice,112672184
Netherlands,2012,Milled Rice,111969645
China,2015,Milled Rice,110490966
Belgium,2009,Milled Rice,109884238
Russia,2014,Milled Rice,109483703
Germany,2016,Milled Rice,108046544
Belgium,2007,Milled Rice,106715020
Singapore,2012,Milled Rice,106645380
Paraguay,2011,Milled Rice,106239984
Netherlands,2011,Milled Rice,105894861
Belgium,2006,Milled Rice,104401667
United Arab Emirates,2013,Milled Rice,102057508
Netherlands,2008,Milled Rice,100043306
Guyana,2008,Milled Rice,99193880
South Africa,2016,Milled Rice,95188122
Ecuador,2007,Milled Rice,93002846
Russia,2016,Milled Rice,92949352
Germany,2014,Milled Rice,92209146
Greece,2011,Milled Rice,90490269
Turkey,2012,Milled Rice,86334621
Russia,2011,Milled Rice,85747007
Turkey,2011,Milled Rice,85126170
"Other Asia, nes",2016,Milled Rice,85099706
Greece,2016,Milled Rice,84878405
Singapore,2011,Milled Rice,84509314
Netherlands,2010,Milled Rice,83356798
South Africa,2012,Milled Rice,83253450
Netherlands,2007,Milled Rice,82206446
Russia,2013,Milled Rice,81734285
Spain,2008,Milled Rice,81145321
Paraguay,2010,Milled Rice,81038035
Germany,2011,Milled Rice,78276038
Paraguay,2009,Milled Rice,76416350
Singapore,2007,Milled Rice,74872032
South Africa,2011,Milled Rice,74312816
Greece,2010,Milled Rice,73884947
Greece,2012,Milled Rice,73189425
Germany,2013,Milled Rice,72579194
Malaysia,2015,Milled Rice,72514439
Myanmar,2012,Milled Rice,72421615
Greece,2007,Milled Rice,69147055
Greece,2006,Milled Rice,67790725
South Africa,2015,Milled Rice,67300838
Singapore,2006,Milled Rice,67069832
Germany,2012,Milled Rice,67010249
Netherlands,2006,Milled Rice,66997000
Greece,2014,Milled Rice,66876242
Spain,2009,Milled Rice,66612340
Greece,2015,Milled Rice,65266783
South Africa,2013,Milled Rice,64635964
Guyana,2014,Milled Rice,63207020
Benin,2011,Milled Rice,60110110
Egypt,2012,Milled Rice,59863577
Germany,2008,Milled Rice,59683700
Brazil,2006,Milled Rice,58426497
"Other Asia, nes",2015,Milled Rice,57903202
South Africa,2014,Milled Rice,57080909
Brazil,2007,Milled Rice,56784409
United Kingdom,2016,Milled Rice,56293412
Russia,2009,Milled Rice,55685393
France,2010,Milled Rice,55613700
Greece,2013,Milled Rice,53626310
Greece,2008,Milled Rice,53418299
Germany,2010,Milled Rice,53308800
South Africa,2010,Milled Rice,53297587
Germany,2006,Milled Rice,52704300
Singapore,2016,Milled Rice,51764290
Egypt,2015,Milled Rice,50938839
Turkey,2010,Milled Rice,50824746
Germany,2007,Milled Rice,50588300
France,2006,Milled Rice,50501600
Germany,2009,Milled Rice,50491200
Greece,2009,Milled Rice,49907911
Japan,2015,Milled Rice,49707234
Suriname,2016,Milled Rice,49665174
Japan,2012,Milled Rice,49346253
France,2015,Milled Rice,48720422
Suriname,2010,Milled Rice,48524179
Cambodia,2010,Milled Rice,48201992
Paraguay,2008,Milled Rice,47934910
France,2013,Milled Rice,46995677
France,2011,Milled Rice,46966079
Peru,2009,Milled Rice,46039248
Turkey,2016,Milled Rice,45812437
Malaysia,2016,Milled Rice,45301685
Singapore,2010,Milled Rice,45209108
France,2008,Milled Rice,44911800
United Kingdom,2015,Milled Rice,44189259
Peru,2012,Milled Rice,44112612
Kazakhstan,2011,Milled Rice,44110941
Benin,2013,Milled Rice,44024128
Ecuador,2013,Milled Rice,43115960
Russia,2010,Milled Rice,43098416
France,2016,Milled Rice,42341576
United Kingdom,2007,Milled Rice,41800655
United Kingdom,2014,Milled Rice,41691035
Australia,2008,Milled Rice,41507692
France,2007,Milled Rice,40779200
Japan,2008,Milled Rice,40486528
Suriname,2014,Milled Rice,40222815
Guyana,2011,Milled Rice,40153672
Portugal,2016,Milled Rice,40113545
France,2014,Milled Rice,40110233
Guyana,2013,Milled Rice,39766616
France,2009,Milled Rice,39502900
C么te d'Ivoire,2009,Milled Rice,38917834
United Kingdom,2013,Milled Rice,38732830
Japan,2010,Milled Rice,38158403
Australia,2010,Milled Rice,37142694
Kazakhstan,2015,Milled Rice,36772518
France,2012,Milled Rice,36728590
Malaysia,2014,Milled Rice,36290255
Lao People's Dem. Rep.,2016,Milled Rice,34541540
Oman,2010,Milled Rice,34089884
"Other Asia, nes",2008,Milled Rice,33766510
Paraguay,2007,Milled Rice,32617300
Singapore,2009,Milled Rice,31891380
Niger,2006,Milled Rice,31523120
Suriname,2013,Milled Rice,31522315
Benin,2012,Milled Rice,31275438
United Kingdom,2012,Milled Rice,31272400
Uganda,2013,Milled Rice,31182652
Oman,2008,Milled Rice,30976849
Suriname,2012,Milled Rice,30568625
Peru,2013,Milled Rice,29857184
United Rep. of Tanzania,2010,Milled Rice,29680480
United Kingdom,2011,Milled Rice,29581343
Suriname,2007,Milled Rice,29251694
Poland,2016,Milled Rice,29179231
United Kingdom,2008,Milled Rice,28989685
Portugal,2015,Milled Rice,28720722
Niger,2016,Milled Rice,28655200
Benin,2008,Milled Rice,28326308
Bulgaria,2014,Milled Rice,27951178
Niger,2007,Milled Rice,27835800
Kazakhstan,2010,Milled Rice,27434661
Oman,2015,Milled Rice,27431157
United Kingdom,2006,Milled Rice,27405925
Sri Lanka,2012,Milled Rice,27381586
Suriname,2006,Milled Rice,26609366
Poland,2015,Milled Rice,26426816
Niger,2014,Milled Rice,26369300
Paraguay,2006,Milled Rice,26363800
Japan,2014,Milled Rice,26000934
Niger,2013,Milled Rice,25510100
Ecuador,2011,Milled Rice,25349824
United Kingdom,2009,Milled Rice,25296771
Japan,2011,Milled Rice,25025378
United Rep. of Tanzania,2011,Milled Rice,24982820
C么te d'Ivoire,2011,Milled Rice,24919333
Kazakhstan,2013,Milled Rice,24648645
Kazakhstan,2014,Milled Rice,24540904
United Kingdom,2010,Milled Rice,24327839
Myanmar,2015,Milled Rice,24290686
Turkey,2015,Milled Rice,24065224
C么te d'Ivoire,2014,Milled Rice,23710116
Japan,2016,Milled Rice,23616324
Kazakhstan,2016,Milled Rice,23543780
Sweden,2006,Milled Rice,23396114
Niger,2012,Milled Rice,22621325
Japan,2006,Milled Rice,22474019
Uganda,2012,Milled Rice,22146405
Bulgaria,2015,Milled Rice,22015017
Bulgaria,2016,Milled Rice,21702439
Czech Rep.,2016,Milled Rice,21690184
El Salvador,2015,Milled Rice,21554106
United Rep. of Tanzania,2013,Milled Rice,21283211
C么te d'Ivoire,2013,Milled Rice,21162019
Portugal,2014,Milled Rice,21024447
Bulgaria,2013,Milled Rice,20887903
Guyana,2012,Milled Rice,20830841
Oman,2016,Milled Rice,20695925
"China, Hong Kong SAR",2013,Milled Rice,20144689
Suriname,2011,Milled Rice,19866506
Saudi Arabia,2007,Milled Rice,19742000
Turkey,2014,Milled Rice,19466614
Niger,2015,Milled Rice,19441975
C么te d'Ivoire,2012,Milled Rice,18825086
Japan,2013,Milled Rice,18734674
Japan,2007,Milled Rice,18728813
Turkey,2009,Milled Rice,18661755
Lao People's Dem. Rep.,2012,Milled Rice,18570335
Suriname,2009,Milled Rice,18242455
Sweden,2007,Milled Rice,17920127
Uganda,2011,Milled Rice,17641344
Russia,2008,Milled Rice,17568601
Peru,2008,Milled Rice,17466368
Myanmar,2014,Milled Rice,17210092
Bulgaria,2011,Milled Rice,17187305
Uganda,2015,Milled Rice,16980624
Japan,2009,Milled Rice,16957037
C么te d'Ivoire,2008,Milled Rice,16888109
Uganda,2014,Milled Rice,16775272
Czech Rep.,2015,Milled Rice,16728761
Poland,2014,Milled Rice,16662877
Poland,2012,Milled Rice,16522624
Rwanda,2014,Milled Rice,16309924
Poland,2013,Milled Rice,16278753
Ecuador,2014,Milled Rice,16052510
Czech Rep.,2007,Milled Rice,15693480
Myanmar,2016,Milled Rice,15454800
Oman,2013,Milled Rice,15437060
Kazakhstan,2012,Milled Rice,15430400
Bulgaria,2009,Milled Rice,15277849
Bulgaria,2012,Milled Rice,15263835
Australia,2009,Milled Rice,15248905
"China, Hong Kong SAR",2016,Milled Rice,15149988
United Rep. of Tanzania,2007,Milled Rice,15131234
Kazakhstan,2008,Milled Rice,15107351
Lao People's Dem. Rep.,2015,Milled Rice,15017122
Suriname,2008,Milled Rice,14842771
Poland,2011,Milled Rice,14738754
Dominican Rep.,2008,Milled Rice,14651454
Czech Rep.,2008,Milled Rice,14566988
Bulgaria,2010,Milled Rice,14478496
Czech Rep.,2010,Milled Rice,14449220
Ecuador,2012,Milled Rice,14391607
Czech Rep.,2014,Milled Rice,14292264
Czech Rep.,2013,Milled Rice,14227237
Slovakia,2011,Milled Rice,13973396
Romania,2012,Milled Rice,13830368
Poland,2010,Milled Rice,13744088
Singapore,2008,Milled Rice,13606730
Czech Rep.,2012,Milled Rice,13584892
Bangladesh,2008,Milled Rice,13430339
Cambodia,2009,Milled Rice,13400625
"China, Hong Kong SAR",2014,Milled Rice,13344102
"China, Hong Kong SAR",2015,Milled Rice,13270141
Lao People's Dem. Rep.,2013,Milled Rice,13233416
South Africa,2006,Milled Rice,13124265
Portugal,2013,Milled Rice,12944530
South Africa,2008,Milled Rice,12890601
Egypt,2016,Milled Rice,12883194
Ecuador,2010,Milled Rice,12791145
Czech Rep.,2009,Milled Rice,12764689
Poland,2009,Milled Rice,12598445
Romania,2016,Milled Rice,12566279
Benin,2007,Milled Rice,12000000
Saudi Arabia,2011,Milled Rice,11829000
C么te d'Ivoire,2015,Milled Rice,11813894
El Salvador,2012,Milled Rice,11620047
Kuwait,2008,Milled Rice,11466031
Bangladesh,2006,Milled Rice,11453415
Rwanda,2015,Milled Rice,11321091
Czech Rep.,2011,Milled Rice,11002187
Romania,2010,Milled Rice,10927629
Romania,2013,Milled Rice,10886072
Saudi Arabia,2015,Milled Rice,10725000
"China, Hong Kong SAR",2012,Milled Rice,10719476
Fiji,2013,Milled Rice,10692797
"China, Hong Kong SAR",2009,Milled Rice,10610517
Czech Rep.,2006,Milled Rice,10607775
Saudi Arabia,2012,Milled Rice,10546000
Kazakhstan,2007,Milled Rice,10468628
Saudi Arabia,2013,Milled Rice,10462000
Romania,2015,Milled Rice,10282562
Venezuela,2006,Milled Rice,10268352
"China, Hong Kong SAR",2008,Milled Rice,10103850
Canada,2008,Milled Rice,9969623
Kuwait,2007,Milled Rice,9881752
Romania,2014,Milled Rice,9852722
C么te d'Ivoire,2010,Milled Rice,9713947
Malaysia,2013,Milled Rice,9697060
Saudi Arabia,2014,Milled Rice,9673000
"China, Hong Kong SAR",2011,Milled Rice,9581444
South Africa,2009,Milled Rice,9551675
Poland,2008,Milled Rice,9421327
"China, Hong Kong SAR",2010,Milled Rice,9414508
Uganda,2009,Milled Rice,9276830
El Salvador,2013,Milled Rice,9236050
Rwanda,2013,Milled Rice,9128811
Mexico,2016,Milled Rice,9049209
United Rep. of Tanzania,2014,Milled Rice,8836780
El Salvador,2016,Milled Rice,8805510
Peru,2016,Milled Rice,8630900
Rwanda,2016,Milled Rice,8626862
Lao People's Dem. Rep.,2014,Milled Rice,8597357
Sri Lanka,2015,Milled Rice,8452340
Portugal,2010,Milled Rice,8374366
Benin,2014,Milled Rice,8320150
Portugal,2011,Milled Rice,8105178
Portugal,2012,Milled Rice,8092091
Uganda,2010,Milled Rice,8041794
Russia,2006,Milled Rice,7977908
"China, Hong Kong SAR",2006,Milled Rice,7977098
Sri Lanka,2010,Milled Rice,7948639
Mozambique,2009,Milled Rice,7936253
El Salvador,2011,Milled Rice,7867047
Yemen,2009,Milled Rice,7859468
Sri Lanka,2013,Milled Rice,7803789
Niger,2008,Milled Rice,7793400
Oman,2011,Milled Rice,7757300
"China, Hong Kong SAR",2007,Milled Rice,7703235
Kuwait,2013,Milled Rice,7494234
Senegal,2009,Milled Rice,7468750
Cameroon,2014,Milled Rice,7468391
Niger,2011,Milled Rice,7419600
Bangladesh,2009,Milled Rice,7418365
Hungary,2011,Milled Rice,7385200
Romania,2011,Milled Rice,7305769
Chile,2014,Milled Rice,7217105
Saudi Arabia,2010,Milled Rice,7177000
Poland,2007,Milled Rice,7026646
Ukraine,2012,Milled Rice,6969644
TFYR of Macedonia,2012,Milled Rice,6967601
Bangladesh,2007,Milled Rice,6927450
Cabo Verde,2011,Milled Rice,6867547
Saudi Arabia,2008,Milled Rice,6800000
Canada,2009,Milled Rice,6798789
Russia,2007,Milled Rice,6719411
TFYR of Macedonia,2011,Milled Rice,6648711
Turkey,2013,Milled Rice,6597455
Poland,2006,Milled Rice,6579458
Saudi Arabia,2006,Milled Rice,6479000
Denmark,2006,Milled Rice,6457064
Kuwait,2014,Milled Rice,6434098
Lao People's Dem. Rep.,2010,Milled Rice,6408987
Kuwait,2010,Milled Rice,6180376
Romania,2009,Milled Rice,6096056
Togo,2012,Milled Rice,6041980
Kuwait,2006,Milled Rice,6037366
Oman,2009,Milled Rice,5930423
Niger,2010,Milled Rice,5887510
United Rep. of Tanzania,2012,Milled Rice,5835855
C么te d'Ivoire,2006,Milled Rice,5762285
Denmark,2015,Milled Rice,5746319
United Rep. of Tanzania,2006,Milled Rice,5558150
Tunisia,2015,Milled Rice,5512361
Lithuania,2016,Milled Rice,5498406
Ukraine,2013,Milled Rice,5497026
El Salvador,2009,Milled Rice,5382110
Denmark,2014,Milled Rice,5342276
El Salvador,2014,Milled Rice,5320730
Mali,2011,Milled Rice,5315000
Canada,2014,Milled Rice,5228000
Oman,2012,Milled Rice,5216666
Kyrgyzstan,2009,Milled Rice,5156644
Ecuador,2009,Milled Rice,5022405
Samoa,2007,Milled Rice,5005020
Slovakia,2010,Milled Rice,4922787
Ukraine,2007,Milled Rice,4913593
Portugal,2009,Milled Rice,4855437
Dominican Rep.,2010,Milled Rice,4838756
Nicaragua,2014,Milled Rice,4818314
Saint Vincent and the Grenadines,2006,Milled Rice,4802954
Costa Rica,2007,Milled Rice,4795989
Canada,2016,Milled Rice,4759906
Malawi,2007,Milled Rice,4697795
Austria,2014,Milled Rice,4605402
Cambodia,2006,Milled Rice,4601214
Cambodia,2008,Milled Rice,4568485
Hungary,2010,Milled Rice,4529400
Bulgaria,2008,Milled Rice,4492668
El Salvador,2007,Milled Rice,4471916
Austria,2015,Milled Rice,4451382
Canada,2015,Milled Rice,4438361
Venezuela,2010,Milled Rice,4412700
United Rep. of Tanzania,2008,Milled Rice,4410100
Lithuania,2011,Milled Rice,4297221
Canada,2013,Milled Rice,4245452
Lithuania,2013,Milled Rice,4209890
Denmark,2013,Milled Rice,4208009
Canada,2010,Milled Rice,4150204
Kuwait,2009,Milled Rice,4071875
Turkey,2008,Milled Rice,4058112
South Africa,2007,Milled Rice,4050526
Rep. of Korea,2009,Milled Rice,4044142
Saint Vincent and the Grenadines,2007,Milled Rice,3932227
Denmark,2016,Milled Rice,3920927
Sri Lanka,2011,Milled Rice,3903100
El Salvador,2008,Milled Rice,3897734
Yemen,2010,Milled Rice,3893624
TFYR of Macedonia,2016,Milled Rice,3871492
Slovakia,2013,Milled Rice,3867795
Hungary,2008,Milled Rice,3866800
Slovakia,2009,Milled Rice,3847001
TFYR of Macedonia,2013,Milled Rice,3837206
Austria,2013,Milled Rice,3812100
Sweden,2008,Milled Rice,3778021
Denmark,2011,Milled Rice,3715495
Bolivia (Plurinational State of),2006,Milled Rice,3713000
Lithuania,2012,Milled Rice,3703106
Philippines,2012,Milled Rice,3694459
Rep. of Korea,2010,Milled Rice,3687570
Denmark,2009,Milled Rice,3686999
Denmark,2012,Milled Rice,3682920
Sri Lanka,2014,Milled Rice,3675777
Denmark,2008,Milled Rice,3654233
Canada,2011,Milled Rice,3626926
Jordan,2008,Milled Rice,3592112
Lithuania,2015,Milled Rice,3568694
Romania,2008,Milled Rice,3532988
Austria,2010,Milled Rice,3520736
Austria,2009,Milled Rice,3498915
Austria,2011,Milled Rice,3442694
Bangladesh,2013,Milled Rice,3426414
Cambodia,2007,Milled Rice,3362500
Slovakia,2007,Milled Rice,3343680
Hungary,2009,Milled Rice,3304400
Malawi,2006,Milled Rice,3302000
Hungary,2012,Milled Rice,3286000
Bolivia (Plurinational State of),2010,Milled Rice,3275984
Mexico,2008,Milled Rice,3252734
Mozambique,2010,Milled Rice,3246585
Canada,2012,Milled Rice,3243425
Rep. of Korea,2011,Milled Rice,3221817
Kuwait,2011,Milled Rice,3219897
Austria,2012,Milled Rice,3216417
Denmark,2007,Milled Rice,3208516
Mexico,2010,Milled Rice,3185087
Morocco,2008,Milled Rice,3170743
Kyrgyzstan,2010,Milled Rice,3156020
Uganda,2008,Milled Rice,3149651
Portugal,2007,Milled Rice,3100653
Jordan,2012,Milled Rice,3094440
Hungary,2016,Milled Rice,3087762
Sri Lanka,2016,Milled Rice,3052772
Denmark,2010,Milled Rice,3041789
Chile,2015,Milled Rice,3020315
Jordan,2007,Milled Rice,3010271
Saudi Arabia,2009,Milled Rice,2998000
Hungary,2015,Milled Rice,2983146
Portugal,2008,Milled Rice,2979297
Saint Vincent and the Grenadines,2008,Milled Rice,2909721
Hungary,2013,Milled Rice,2871871
Guatemala,2008,Milled Rice,2852664
Sri Lanka,2008,Milled Rice,2835980
Slovakia,2008,Milled Rice,2828854
Lithuania,2010,Milled Rice,2819537
Ukraine,2008,Milled Rice,2819050
"Other Asia, nes",2012,Milled Rice,2818211
Sri Lanka,2009,Milled Rice,2808771
Bangladesh,2012,Milled Rice,2791125
Cameroon,2013,Milled Rice,2791120
Bolivia (Plurinational State of),2012,Milled Rice,2742989
Egypt,2014,Milled Rice,2738365
Guatemala,2007,Milled Rice,2712186
TFYR of Macedonia,2010,Milled Rice,2697633
Lao People's Dem. Rep.,2011,Milled Rice,2671964
TFYR of Macedonia,2009,Milled Rice,2627023
Lithuania,2014,Milled Rice,2595210
Kazakhstan,2006,Milled Rice,2587308
Lithuania,2008,Milled Rice,2580873
Yemen,2012,Milled Rice,2516685
Canada,2007,Milled Rice,2507230
Lithuania,2009,Milled Rice,2485538
Canada,2006,Milled Rice,2475465
Sri Lanka,2006,Milled Rice,2472589
Ukraine,2014,Milled Rice,2460820
Slovenia,2008,Milled Rice,2457435
Jordan,2009,Milled Rice,2419569
El Salvador,2010,Milled Rice,2408689
Slovakia,2006,Milled Rice,2403157
Lithuania,2006,Milled Rice,2354453
Portugal,2006,Milled Rice,2342792
Mexico,2007,Milled Rice,2327653
"Other Asia, nes",2013,Milled Rice,2323362
Ukraine,2011,Milled Rice,2316499
Yemen,2006,Milled Rice,2296380
Indonesia,2009,Milled Rice,2286470
Hungary,2014,Milled Rice,2268157
Ukraine,2006,Milled Rice,2245554
Djibouti,2009,Milled Rice,2198841
Costa Rica,2008,Milled Rice,2195821
Senegal,2010,Milled Rice,2190700
Lithuania,2007,Milled Rice,2184563
Switzerland,2014,Milled Rice,2165483
Rep. of Korea,2012,Milled Rice,2103009
Yemen,2014,Milled Rice,2069692
Ukraine,2010,Milled Rice,2035066
Honduras,2012,Milled Rice,2027700
Switzerland,2016,Milled Rice,2026162
Nepal,2009,Milled Rice,2018925
Rep. of Korea,2016,Milled Rice,2016067
Mexico,2015,Milled Rice,2009654
Mexico,2009,Milled Rice,2001030
Peru,2010,Milled Rice,1997919
Slovenia,2007,Milled Rice,1983118
Romania,2007,Milled Rice,1976954
TFYR of Macedonia,2015,Milled Rice,1962802
Bangladesh,2010,Milled Rice,1950041
Madagascar,2007,Milled Rice,1940795
Nicaragua,2008,Milled Rice,1937295
Austria,2007,Milled Rice,1923503
Latvia,2015,Milled Rice,1923072
Sri Lanka,2007,Milled Rice,1901267
Latvia,2014,Milled Rice,1900592
Indonesia,2013,Milled Rice,1880573
Nicaragua,2015,Milled Rice,1877691
Jordan,2016,Milled Rice,1874954
Slovenia,2006,Milled Rice,1873627
Rep. of Korea,2015,Milled Rice,1833061
Bulgaria,2007,Milled Rice,1828322
Malaysia,2006,Milled Rice,1817890
Slovenia,2010,Milled Rice,1803318
"Other Asia, nes",2011,Milled Rice,1770236
Latvia,2013,Milled Rice,1765271
Slovenia,2015,Milled Rice,1755261
Latvia,2016,Milled Rice,1715634
Slovenia,2012,Milled Rice,1711789
Slovenia,2014,Milled Rice,1701664
Mexico,2006,Milled Rice,1649342
Slovenia,2013,Milled Rice,1639141
Malawi,2013,Milled Rice,1624280
TFYR of Macedonia,2006,Milled Rice,1620936
Tunisia,2011,Milled Rice,1611200
Slovenia,2011,Milled Rice,1593582
Guatemala,2006,Milled Rice,1589834
Mexico,2013,Milled Rice,1587532
Guatemala,2012,Milled Rice,1587088
Honduras,2007,Milled Rice,1575344
Sweden,2012,Milled Rice,1561197
Mexico,2014,Milled Rice,1559602
Switzerland,2015,Milled Rice,1553258
Guatemala,2010,Milled Rice,1552320
Ukraine,2015,Milled Rice,1548070
Malawi,2012,Milled Rice,1546836
Tunisia,2016,Milled Rice,1532559
TFYR of Macedonia,2007,Milled Rice,1530902
Togo,2008,Milled Rice,1516471
Bolivia (Plurinational State of),2011,Milled Rice,1513000
Rep. of Korea,2014,Milled Rice,1507778
Bolivia (Plurinational State of),2013,Milled Rice,1492000
Cameroon,2010,Milled Rice,1481000
Mexico,2011,Milled Rice,1480510
Mauritius,2009,Milled Rice,1477557
Slovenia,2009,Milled Rice,1466116
Lebanon,2008,Milled Rice,1464063
Chile,2016,Milled Rice,1456944
Guatemala,2011,Milled Rice,1443540
Rep. of Korea,2013,Milled Rice,1423506
Sweden,2016,Milled Rice,1397036
Sweden,2014,Milled Rice,1353378
Malawi,2008,Milled Rice,1351122
Slovakia,2014,Milled Rice,1347784
Oman,2007,Milled Rice,1345303
Sweden,2015,Milled Rice,1344317
Chile,2009,Milled Rice,1342774
Latvia,2012,Milled Rice,1311545
Slovakia,2012,Milled Rice,1304618
"Other Asia, nes",2010,Milled Rice,1278242
Mexico,2012,Milled Rice,1267193
Uganda,2007,Milled Rice,1260466
Cameroon,2008,Milled Rice,1250000
Ukraine,2009,Milled Rice,1249693
Chile,2010,Milled Rice,1247453
Ghana,2011,Milled Rice,1237000
Austria,2008,Milled Rice,1229419
Sweden,2013,Milled Rice,1164407
Mauritius,2014,Milled Rice,1161782
Fiji,2015,Milled Rice,1156396
TFYR of Macedonia,2014,Milled Rice,1133438
Malawi,2010,Milled Rice,1132993
Lebanon,2012,Milled Rice,1124135
Ecuador,2015,Milled Rice,1112304
Latvia,2007,Milled Rice,1111445
Kazakhstan,2009,Milled Rice,1110001
Jordan,2010,Milled Rice,1108930
Yemen,2011,Milled Rice,1073930
United Rep. of Tanzania,2016,Milled Rice,1068710
Malawi,2009,Milled Rice,1062669
Slovakia,2015,Milled Rice,1059282
Latvia,2011,Milled Rice,1054994
Cameroon,2011,Milled Rice,1053950
Mozambique,2011,Milled Rice,1050075
Austria,2006,Milled Rice,1039386
Jordan,2006,Milled Rice,1033645
Colombia,2016,Milled Rice,1027657
Burkina Faso,2013,Milled Rice,1026196
Jordan,2013,Milled Rice,1022510
Croatia,2013,Milled Rice,1003270
El Salvador,2006,Milled Rice,1001545
Congo,2008,Milled Rice,999993
Nicaragua,2009,Milled Rice,995391
Aruba,2016,Milled Rice,978941
Senegal,2007,Milled Rice,978350
Sweden,2011,Milled Rice,976780
United Rep. of Tanzania,2015,Milled Rice,963950
Yemen,2013,Milled Rice,952194
Kenya,2008,Milled Rice,931468
Cameroon,2015,Milled Rice,929736
Sweden,2010,Milled Rice,928131
Uganda,2006,Milled Rice,926085
"Other Asia, nes",2009,Milled Rice,910204
Indonesia,2006,Milled Rice,907113
Burkina Faso,2015,Milled Rice,900000
Costa Rica,2011,Milled Rice,891186
Malawi,2011,Milled Rice,888537
Guatemala,2009,Milled Rice,881498
C么te d'Ivoire,2007,Milled Rice,877510
Swaziland,2006,Milled Rice,874143
Swaziland,2007,Milled Rice,869757
Malaysia,2008,Milled Rice,860780
Philippines,2013,Milled Rice,858574
Latvia,2006,Milled Rice,855125
Fiji,2008,Milled Rice,846339
Georgia,2015,Milled Rice,813648
Fiji,2010,Milled Rice,800150
Fiji,2009,Milled Rice,789254
Slovakia,2016,Milled Rice,764067
Lebanon,2014,Milled Rice,750124
Kuwait,2015,Milled Rice,746212
Kenya,2009,Milled Rice,741955
Turkey,2007,Milled Rice,728904
Malawi,2014,Milled Rice,727700
Sweden,2009,Milled Rice,724945
Mauritius,2007,Milled Rice,724865
Costa Rica,2015,Milled Rice,720937
Cameroon,2012,Milled Rice,720000
Guyana,2007,Milled Rice,717661
Switzerland,2009,Milled Rice,715845
Switzerland,2013,Milled Rice,712198
Kyrgyzstan,2011,Milled Rice,710050
Latvia,2010,Milled Rice,706527
Nigeria,2013,Milled Rice,703812
Mauritius,2010,Milled Rice,696792
Honduras,2006,Milled Rice,696204
Switzerland,2010,Milled Rice,690903
Bolivia (Plurinational State of),2007,Milled Rice,674716
Mauritius,2016,Milled Rice,671076
Israel,2007,Milled Rice,668527
Mauritius,2013,Milled Rice,664503
Switzerland,2011,Milled Rice,647198
Lebanon,2011,Milled Rice,640520
Norway,2012,Milled Rice,633884
Iran,2006,Milled Rice,633382
Senegal,2014,Milled Rice,628576
Belarus,2010,Milled Rice,626288
Kenya,2010,Milled Rice,615435
Estonia,2009,Milled Rice,612499
Peru,2011,Milled Rice,611306
Mozambique,2014,Milled Rice,600002
Qatar,2009,Milled Rice,593790
Switzerland,2012,Milled Rice,588317
Central African Rep.,2015,Milled Rice,584000
Bahrain,2012,Milled Rice,579298
Burundi,2010,Milled Rice,576200
Malaysia,2011,Milled Rice,570575
Nicaragua,2007,Milled Rice,569773
Serbia,2012,Milled Rice,560174
Indonesia,2012,Milled Rice,559089
Latvia,2008,Milled Rice,554314
Malaysia,2009,Milled Rice,536027
Switzerland,2008,Milled Rice,535712
Nicaragua,2011,Milled Rice,534610
Jordan,2014,Milled Rice,528600
Finland,2007,Milled Rice,525141
Trinidad and Tobago,2006,Milled Rice,523586
Kenya,2013,Milled Rice,520485
Estonia,2013,Milled Rice,509697
Switzerland,2007,Milled Rice,506279
Burkina Faso,2010,Milled Rice,501200
Burkina Faso,2009,Milled Rice,500000
Estonia,2011,Milled Rice,499228
Neth. Antilles,2006,Milled Rice,498440
Rep. of Korea,2007,Milled Rice,494724
Bahrain,2016,Milled Rice,494698
Oman,2006,Milled Rice,493689
Fiji,2012,Milled Rice,492966
Estonia,2008,Milled Rice,488821
Bahrain,2011,Milled Rice,487767
Jordan,2015,Milled Rice,485990
Niger,2009,Milled Rice,485375
Serbia,2013,Milled Rice,482112
Switzerland,2006,Milled Rice,480546
Fiji,2011,Milled Rice,471611
Turkey,2006,Milled Rice,464938
Indonesia,2015,Milled Rice,457195
Belarus,2013,Milled Rice,455861
Kenya,2006,Milled Rice,454364
Lebanon,2013,Milled Rice,452353
Belarus,2014,Milled Rice,451752
Lebanon,2007,Milled Rice,441884
Serbia,2009,Milled Rice,440901
Croatia,2008,Milled Rice,440788
Yemen,2007,Milled Rice,439220
Indonesia,2008,Milled Rice,429101
Indonesia,2014,Milled Rice,425580
New Zealand,2011,Milled Rice,423256
Qatar,2015,Milled Rice,422877
Estonia,2012,Milled Rice,416348
Estonia,2010,Milled Rice,407707
Bahrain,2015,Milled Rice,405517
New Caledonia,2012,Milled Rice,400393
Fiji,2016,Milled Rice,395464
Serbia,2014,Milled Rice,386019
Serbia,2010,Milled Rice,386008
Jordan,2011,Milled Rice,384616
Philippines,2014,Milled Rice,370960
Fiji,2014,Milled Rice,370865
Latvia,2009,Milled Rice,366390
Hungary,2007,Milled Rice,364900
Serbia,2011,Milled Rice,362378
Kenya,2007,Milled Rice,361928
Belarus,2011,Milled Rice,360675
Venezuela,2009,Milled Rice,360000
Botswana,2007,Milled Rice,353920
Nepal,2010,Milled Rice,349980
Georgia,2013,Milled Rice,349000
Rep. of Korea,2008,Milled Rice,345560
Indonesia,2010,Milled Rice,345232
Luxembourg,2011,Milled Rice,336155
Indonesia,2007,Milled Rice,335692
Lebanon,2010,Milled Rice,335408
Indonesia,2011,Milled Rice,332404
Lebanon,2009,Milled Rice,330722
Guatemala,2015,Milled Rice,329481
Malaysia,2010,Milled Rice,327525
New Zealand,2008,Milled Rice,326361
Israel,2009,Milled Rice,321913
New Zealand,2009,Milled Rice,319130
Qatar,2006,Milled Rice,318915
Rwanda,2011,Milled Rice,318350
Bahrain,2013,Milled Rice,318172
Belarus,2008,Milled Rice,317354
Guatemala,2013,Milled Rice,317305
Chile,2011,Milled Rice,317114
Morocco,2009,Milled Rice,316919
Belarus,2012,Milled Rice,312246
Ireland,2011,Milled Rice,308631
Kiribati,2008,Milled Rice,305000
Bhutan,2010,Milled Rice,303963
Ethiopia,2013,Milled Rice,300000
Nepal,2011,Milled Rice,300000
Zambia,2012,Milled Rice,296820
Mozambique,2008,Milled Rice,294378
Serbia,2015,Milled Rice,289194
"Other Asia, nes",2007,Milled Rice,288268
Bahrain,2008,Milled Rice,288020
Serbia,2007,Milled Rice,286264
Estonia,2014,Milled Rice,285894
Azerbaijan,2007,Milled Rice,278910
New Zealand,2016,Milled Rice,273999
New Zealand,2013,Milled Rice,271745
New Zealand,2010,Milled Rice,270779
Finland,2014,Milled Rice,267669
Finland,2013,Milled Rice,265309
Costa Rica,2014,Milled Rice,263386
Bahrain,2010,Milled Rice,263332
Israel,2012,Milled Rice,256677
Costa Rica,2012,Milled Rice,256511
Philippines,2007,Milled Rice,255792
New Zealand,2012,Milled Rice,255257
New Zealand,2015,Milled Rice,251959
Nepal,2012,Milled Rice,251765
Norway,2014,Milled Rice,251115
Syria,2008,Milled Rice,250000
New Zealand,2006,Milled Rice,249151
Georgia,2012,Milled Rice,249000
Mauritius,2008,Milled Rice,248729
Philippines,2008,Milled Rice,246041
Bahrain,2009,Milled Rice,243410
Togo,2016,Milled Rice,242274
Ethiopia,2014,Milled Rice,240000
"Other Asia, nes",2006,Milled Rice,237432
Croatia,2007,Milled Rice,236875
Serbia,2008,Milled Rice,236136
Dominican Rep.,2012,Milled Rice,233776
Morocco,2014,Milled Rice,233200
Trinidad and Tobago,2007,Milled Rice,233190
Serbia,2006,Milled Rice,233146
Croatia,2006,Milled Rice,230297
Rwanda,2010,Milled Rice,228800
Gabon,2008,Milled Rice,227092
Costa Rica,2016,Milled Rice,226610
Honduras,2009,Milled Rice,225651
Serbia,2016,Milled Rice,225480
Israel,2010,Milled Rice,222522
Romania,2006,Milled Rice,221021
Syria,2006,Milled Rice,220000
Botswana,2009,Milled Rice,219156
Finland,2011,Milled Rice,218929
Nicaragua,2010,Milled Rice,217790
Cyprus,2009,Milled Rice,215574
United Rep. of Tanzania,2009,Milled Rice,213600
Ecuador,2016,Milled Rice,207567
Cabo Verde,2012,Milled Rice,206097
Bahrain,2014,Milled Rice,205103
Norway,2010,Milled Rice,202447
Botswana,2013,Milled Rice,201597
Kyrgyzstan,2012,Milled Rice,201297
Estonia,2007,Milled Rice,199568
Ireland,2010,Milled Rice,199201
Malaysia,2012,Milled Rice,197309
Norway,2013,Milled Rice,194660
Honduras,2010,Milled Rice,192432
Estonia,2015,Milled Rice,192049
Finland,2015,Milled Rice,191808
Ireland,2012,Milled Rice,190312
Fiji,2006,Milled Rice,187256
Belarus,2015,Milled Rice,186945
Rwanda,2012,Milled Rice,186275
Botswana,2011,Milled Rice,183111
Malaysia,2007,Milled Rice,181960
Indonesia,2016,Milled Rice,180110
Croatia,2009,Milled Rice,180070
Zimbabwe,2013,Milled Rice,180000
Israel,2008,Milled Rice,178463
Chile,2008,Milled Rice,177651
Lebanon,2006,Milled Rice,174868
Nepal,2013,Milled Rice,173312
Ireland,2014,Milled Rice,172801
New Zealand,2014,Milled Rice,167809
Croatia,2015,Milled Rice,166584
Fiji,2007,Milled Rice,164540
Philippines,2011,Milled Rice,164431
Qatar,2007,Milled Rice,162990
Azerbaijan,2009,Milled Rice,162000
Bahrain,2007,Milled Rice,161000
Trinidad and Tobago,2015,Milled Rice,160994
Ireland,2009,Milled Rice,160878
Botswana,2012,Milled Rice,158128
Philippines,2015,Milled Rice,157885
Norway,2011,Milled Rice,155875
Libya,2010,Milled Rice,153500
Norway,2015,Milled Rice,151854
Estonia,2016,Milled Rice,151656
Bahrain,2006,Milled Rice,150840
Philippines,2009,Milled Rice,149483
Croatia,2016,Milled Rice,149474
Madagascar,2016,Milled Rice,147478
Yemen,2015,Milled Rice,146000
Peru,2007,Milled Rice,145392
Cyprus,2010,Milled Rice,145350
Mauritius,2006,Milled Rice,143223
Norway,2006,Milled Rice,141251
Philippines,2016,Milled Rice,138874
New Zealand,2007,Milled Rice,134217
Ireland,2008,Milled Rice,133551
Bosnia Herzegovina,2006,Milled Rice,132620
Trinidad and Tobago,2009,Milled Rice,131331
Norway,2016,Milled Rice,131095
Cabo Verde,2009,Milled Rice,130629
Hungary,2006,Milled Rice,127400
Botswana,2006,Milled Rice,127270
Finland,2016,Milled Rice,126017
Madagascar,2006,Milled Rice,125558
Chile,2006,Milled Rice,125406
Ghana,2009,Milled Rice,122915
Croatia,2011,Milled Rice,121795
Senegal,2016,Milled Rice,120000
Bosnia Herzegovina,2007,Milled Rice,119972
Ireland,2016,Milled Rice,119422
Malawi,2015,Milled Rice,118580
Norway,2008,Milled Rice,117151
Croatia,2010,Milled Rice,116615
Samoa,2006,Milled Rice,116380
Ireland,2015,Milled Rice,116098
Kyrgyzstan,2008,Milled Rice,115800
Ireland,2007,Milled Rice,115231
Namibia,2010,Milled Rice,115101
Solomon Isds,2014,Milled Rice,114770
Finland,2008,Milled Rice,113016
Botswana,2014,Milled Rice,111743
Croatia,2012,Milled Rice,111723
Finland,2012,Milled Rice,110734
Bosnia Herzegovina,2012,Milled Rice,110263
Madagascar,2015,Milled Rice,103988
Estonia,2006,Milled Rice,102067
Cyprus,2015,Milled Rice,100913
Bosnia Herzegovina,2010,Milled Rice,100393
Kyrgyzstan,2013,Milled Rice,98200
Trinidad and Tobago,2010,Milled Rice,97301
Bosnia Herzegovina,2016,Milled Rice,97261
Bosnia Herzegovina,2008,Milled Rice,96111
Finland,2010,Milled Rice,95975
Israel,2006,Milled Rice,95246
Morocco,2016,Milled Rice,95139
Botswana,2010,Milled Rice,94754
Cyprus,2011,Milled Rice,93601
Mozambique,2013,Milled Rice,90002
Guatemala,2014,Milled Rice,88789
Panama,2006,Milled Rice,88166
Bosnia Herzegovina,2009,Milled Rice,78561
Rwanda,2006,Milled Rice,75885
Gambia,2009,Milled Rice,75000
Togo,2011,Milled Rice,75000
Mauritius,2011,Milled Rice,74447
Namibia,2007,Milled Rice,73602
Luxembourg,2012,Milled Rice,72848
Samoa,2013,Milled Rice,72550
Norway,2007,Milled Rice,71650
Bosnia Herzegovina,2011,Milled Rice,69992
Jamaica,2016,Milled Rice,69494
Peru,2015,Milled Rice,69087
Rwanda,2008,Milled Rice,68900
Albania,2007,Milled Rice,68496
"China, Macao SAR",2009,Milled Rice,68175
Norway,2009,Milled Rice,67294
Albania,2013,Milled Rice,66504
Panama,2016,Milled Rice,66045
Cyprus,2016,Milled Rice,65099
Israel,2013,Milled Rice,64505
Philippines,2010,Milled Rice,61973
Cyprus,2013,Milled Rice,61661
Algeria,2013,Milled Rice,61600
Morocco,2015,Milled Rice,60153
Israel,2016,Milled Rice,59859
Ireland,2013,Milled Rice,59284
Botswana,2008,Milled Rice,58740
Israel,2011,Milled Rice,58668
Costa Rica,2013,Milled Rice,58445
Trinidad and Tobago,2008,Milled Rice,57816
Malta,2016,Milled Rice,56281
Mozambique,2006,Milled Rice,55634
Cyprus,2014,Milled Rice,54452
Finland,2006,Milled Rice,54074
Luxembourg,2015,Milled Rice,54023
Nigeria,2011,Milled Rice,53982
Madagascar,2014,Milled Rice,52688
Namibia,2009,Milled Rice,52344
Botswana,2015,Milled Rice,51793
Luxembourg,2007,Milled Rice,51440
Panama,2015,Milled Rice,51346
Luxembourg,2016,Milled Rice,51190
Luxembourg,2008,Milled Rice,51092
Luxembourg,2014,Milled Rice,51001
Panama,2014,Milled Rice,50829
Madagascar,2008,Milled Rice,50646
Dominican Rep.,2011,Milled Rice,50164
Rwanda,2007,Milled Rice,50000
Albania,2015,Milled Rice,48475
Panama,2013,Milled Rice,48424
Albania,2009,Milled Rice,48000
Bhutan,2009,Milled Rice,46910
Luxembourg,2010,Milled Rice,46605
Iran,2010,Milled Rice,46454
Croatia,2014,Milled Rice,46211
Togo,2014,Milled Rice,46000
Belarus,2007,Milled Rice,44672
Panama,2010,Milled Rice,44292
Luxembourg,2013,Milled Rice,44249
Peru,2006,Milled Rice,44026
Honduras,2011,Milled Rice,43700
Iran,2011,Milled Rice,43664
Ireland,2006,Milled Rice,43494
Finland,2009,Milled Rice,43255
Israel,2015,Milled Rice,42510
Belarus,2016,Milled Rice,42411
Panama,2012,Milled Rice,42144
Bhutan,2011,Milled Rice,42000
Panama,2007,Milled Rice,41792
Luxembourg,2009,Milled Rice,40971
Burkina Faso,2014,Milled Rice,40000
Senegal,2012,Milled Rice,40000
Togo,2015,Milled Rice,40000
Kyrgyzstan,2016,Milled Rice,39378
Costa Rica,2006,Milled Rice,38742
Israel,2014,Milled Rice,38411
Cyprus,2008,Milled Rice,38350
Malta,2007,Milled Rice,38222
Albania,2016,Milled Rice,37617
Bangladesh,2011,Milled Rice,37255
Peru,2014,Milled Rice,37117
Trinidad and Tobago,2014,Milled Rice,36600
Luxembourg,2006,Milled Rice,36468
Mauritius,2015,Milled Rice,35135
Panama,2011,Milled Rice,35083
Guyana,2016,Milled Rice,35075
Chile,2012,Milled Rice,33492
Panama,2008,Milled Rice,32889
Chile,2007,Milled Rice,31818
Madagascar,2012,Milled Rice,31653
Panama,2009,Milled Rice,31568
Madagascar,2011,Milled Rice,31442
"China, Macao SAR",2015,Milled Rice,31400
Rwanda,2009,Milled Rice,31000
Malta,2012,Milled Rice,30330
New Caledonia,2015,Milled Rice,29896
Bosnia Herzegovina,2013,Milled Rice,29223
Colombia,2013,Milled Rice,28249
Cabo Verde,2013,Milled Rice,28129
Zambia,2011,Milled Rice,27516
Senegal,2015,Milled Rice,27225
Mauritius,2012,Milled Rice,26860
Zambia,2009,Milled Rice,26752
"China, Macao SAR",2008,Milled Rice,26465
Namibia,2008,Milled Rice,26322
Belize,2016,Milled Rice,26002
Georgia,2016,Milled Rice,25664
Costa Rica,2009,Milled Rice,25193
Togo,2010,Milled Rice,25000
Togo,2009,Milled Rice,25000
Zambia,2015,Milled Rice,24936
Costa Rica,2010,Milled Rice,23000
Solomon Isds,2015,Milled Rice,22958
Guinea,2015,Milled Rice,22538
Albania,2012,Milled Rice,22176
Algeria,2007,Milled Rice,22089
Togo,2007,Milled Rice,21906
Benin,2006,Milled Rice,21820
Barbados,2008,Milled Rice,21295
Senegal,2006,Milled Rice,21065
Albania,2011,Milled Rice,20400
Albania,2006,Milled Rice,20364
Algeria,2009,Milled Rice,20000
Ethiopia,2009,Milled Rice,20000
Senegal,2011,Milled Rice,20000
Namibia,2014,Milled Rice,19811
New Caledonia,2011,Milled Rice,19748
Ghana,2016,Milled Rice,19375
Malta,2010,Milled Rice,19341
Zambia,2014,Milled Rice,19250
Azerbaijan,2012,Milled Rice,19220
Dominican Rep.,2015,Milled Rice,19167
Botswana,2016,Milled Rice,18641
Solomon Isds,2013,Milled Rice,17300
Trinidad and Tobago,2011,Milled Rice,16430
Kyrgyzstan,2015,Milled Rice,15970
French Polynesia,2007,Milled Rice,15511
Cabo Verde,2010,Milled Rice,14733
Philippines,2006,Milled Rice,14693
Gabon,2007,Milled Rice,14500
Malta,2008,Milled Rice,14020
Algeria,2016,Milled Rice,14000
Colombia,2006,Milled Rice,13756
Solomon Isds,2016,Milled Rice,13334
Albania,2010,Milled Rice,12624
Guyana,2006,Milled Rice,12616
Zambia,2010,Milled Rice,11740
Dominican Rep.,2014,Milled Rice,11449
Kyrgyzstan,2006,Milled Rice,11362
Colombia,2007,Milled Rice,11220
Malta,2011,Milled Rice,11010
Gabon,2006,Milled Rice,10600
Trinidad and Tobago,2012,Milled Rice,10425
Montenegro,2008,Milled Rice,10296
Zambia,2006,Milled Rice,10000
Belarus,2009,Milled Rice,9995
Bulgaria,2006,Milled Rice,9747
Gabon,2009,Milled Rice,9703
"China, Macao SAR",2007,Milled Rice,9170
Namibia,2012,Milled Rice,8904
Zambia,2007,Milled Rice,8755
Rep. of Korea,2006,Milled Rice,8253
Ethiopia,2012,Milled Rice,8244
Madagascar,2013,Milled Rice,7777
Cabo Verde,2014,Milled Rice,7748
Kyrgyzstan,2007,Milled Rice,7200
Cabo Verde,2015,Milled Rice,7030
Mayotte,2007,Milled Rice,7002
Burkina Faso,2012,Milled Rice,7000
Dominican Rep.,2016,Milled Rice,6973
Bahamas,2015,Milled Rice,6441
Madagascar,2009,Milled Rice,6313
Cyprus,2006,Milled Rice,6300
Seychelles,2006,Milled Rice,6121
Morocco,2010,Milled Rice,6000
Cabo Verde,2007,Milled Rice,5810
Ghana,2010,Milled Rice,5741
Namibia,2015,Milled Rice,5604
Cabo Verde,2006,Milled Rice,5602
Namibia,2013,Milled Rice,5302
Mayotte,2008,Milled Rice,5035
Madagascar,2010,Milled Rice,4614
Colombia,2009,Milled Rice,4513
Bosnia Herzegovina,2014,Milled Rice,4418
Namibia,2011,Milled Rice,4229
Brunei Darussalam,2014,Milled Rice,4070
Iceland,2007,Milled Rice,3727
Zambia,2008,Milled Rice,3688
Bosnia Herzegovina,2015,Milled Rice,3568
Samoa,2008,Milled Rice,3330
Samoa,2012,Milled Rice,3300
Montenegro,2011,Milled Rice,3000
Nepal,2014,Milled Rice,3000
Dominican Rep.,2013,Milled Rice,2889
Colombia,2010,Milled Rice,2830
"Other Asia, nes",2014,Milled Rice,2783
Colombia,2015,Milled Rice,2685
Malta,2006,Milled Rice,2613
Barbados,2012,Milled Rice,2610
Andorra,2008,Milled Rice,2592
Cameroon,2007,Milled Rice,2500
Brunei Darussalam,2012,Milled Rice,2473
Mayotte,2006,Milled Rice,2420
Algeria,2006,Milled Rice,2312
New Caledonia,2013,Milled Rice,2305
Iceland,2012,Milled Rice,2261
Andorra,2009,Milled Rice,2126
Montenegro,2016,Milled Rice,2052
Chile,2013,Milled Rice,2040
Morocco,2007,Milled Rice,2000
Kiribati,2007,Milled Rice,1960
Rep. of Moldova,2006,Milled Rice,1900
Namibia,2016,Milled Rice,1894
Namibia,2006,Milled Rice,1812
Mozambique,2007,Milled Rice,1696
Seychelles,2008,Milled Rice,1634
"China, Macao SAR",2006,Milled Rice,1600
Ghana,2012,Milled Rice,1551
Barbados,2016,Milled Rice,1519
New Caledonia,2008,Milled Rice,1506
Cyprus,2007,Milled Rice,1500
Rep. of Moldova,2015,Milled Rice,1460
Cameroon,2006,Milled Rice,1350
Trinidad and Tobago,2013,Milled Rice,1187
Iceland,2008,Milled Rice,1152
Montenegro,2014,Milled Rice,1141
Dominican Rep.,2007,Milled Rice,1103
Jamaica,2015,Milled Rice,1100
Brunei Darussalam,2015,Milled Rice,1081
Georgia,2006,Milled Rice,1005
Senegal,2013,Milled Rice,1000
Senegal,2008,Milled Rice,890
Barbados,2013,Milled Rice,886
Mozambique,2015,Milled Rice,858
Armenia,2008,Milled Rice,800
Malta,2009,Milled Rice,788
Morocco,2013,Milled Rice,750
Barbados,2015,Milled Rice,749
New Caledonia,2014,Milled Rice,665
French Polynesia,2010,Milled Rice,623
Ethiopia,2015,Milled Rice,550
Rep. of Moldova,2014,Milled Rice,535
Montenegro,2012,Milled Rice,507
State of Palestine,2014,Milled Rice,507
New Caledonia,2009,Milled Rice,504
Malta,2013,Milled Rice,500
Mali,2010,Milled Rice,492
Greenland,2014,Milled Rice,475
Ghana,2006,Milled Rice,441
Jamaica,2009,Milled Rice,399
Montenegro,2013,Milled Rice,384
Iceland,2009,Milled Rice,351
Colombia,2011,Milled Rice,320
Georgia,2014,Milled Rice,302
Montenegro,2015,Milled Rice,302
Congo,2010,Milled Rice,300
Congo,2009,Milled Rice,300
Aruba,2013,Milled Rice,290
Mayotte,2009,Milled Rice,276
Seychelles,2007,Milled Rice,271
Sierra Leone,2014,Milled Rice,270
Rep. of Moldova,2009,Milled Rice,260
Ghana,2008,Milled Rice,237
Guyana,2015,Milled Rice,149
Barbados,2010,Milled Rice,120
Ghana,2013,Milled Rice,110
Congo,2014,Milled Rice,85
Bahamas,2014,Milled Rice,68
Brunei Darussalam,2013,Milled Rice,60
Turks and Caicos Isds,2012,Milled Rice,60
Dominican Rep.,2009,Milled Rice,57
French Polynesia,2006,Milled Rice,41
Rep. of Moldova,2011,Milled Rice,40
Rep. of Moldova,2016,Milled Rice,38
Aruba,2014,Milled Rice,35
Burkina Faso,2007,Milled Rice,30
Aruba,2010,Milled Rice,25
New Caledonia,2006,Milled Rice,25
Colombia,2008,Milled Rice,20
Venezuela,2013,Milled Rice,20
Jamaica,2014,Milled Rice,14
Aruba,2009,Milled Rice,12
Bhutan,2006,Milled Rice,12
New Caledonia,2007,Milled Rice,11
Jamaica,2012,Milled Rice,10
Morocco,2006,Milled Rice,10
Algeria,2015,Milled Rice,8
Bahamas,2008,Milled Rice,5
Morocco,2011,Milled Rice,1
Afghanistan,2011,Milled Rice,0.001
Angola,2011,Milled Rice,0.001
Anguilla,2011,Milled Rice,0.001
Antigua and Barbuda,2011,Milled Rice,0.001
Belgium-Luxembourg,2011,Milled Rice,0.001
Bermuda,2011,Milled Rice,0.001
Chad,2011,Milled Rice,0.001
Comoros,2011,Milled Rice,0.001
Cook Isds,2011,Milled Rice,0.001
Cuba,2011,Milled Rice,0.001
Dominica,2011,Milled Rice,0.001
Eritrea,2011,Milled Rice,0.001
Faeroe Isds,2011,Milled Rice,0.001
Fmr Fed. Rep. of Germany,2011,Milled Rice,0.001
Fmr Sudan,2011,Milled Rice,0.001
French Guiana,2011,Milled Rice,0.001
FS Micronesia,2011,Milled Rice,0.001
Grenada,2011,Milled Rice,0.001
Guadeloupe,2011,Milled Rice,0.001
Guinea-Bissau,2011,Milled Rice,0.001
Haiti,2011,Milled Rice,0.001
Iraq,2011,Milled Rice,0.001
Lesotho,2011,Milled Rice,0.001
Maldives,2011,Milled Rice,0.001
Martinique,2011,Milled Rice,0.001
Mauritania,2011,Milled Rice,0.001
Mongolia,2011,Milled Rice,0.001
Montserrat,2011,Milled Rice,0.001
Palau,2011,Milled Rice,0.001
Papua New Guinea,2011,Milled Rice,0.001
R茅union,2011,Milled Rice,0.001
Saint Kitts and Nevis,2011,Milled Rice,0.001
Saint Lucia,2011,Milled Rice,0.001
Sao Tome and Principe,2011,Milled Rice,0.001
Serbia and Montenegro,2011,Milled Rice,0.001
So. African Customs Union,2011,Milled Rice,0.001
Sudan,2011,Milled Rice,0.001
Timor-Leste,2011,Milled Rice,0.001
Tonga,2011,Milled Rice,0.001
Turkmenistan,2011,Milled Rice,0.001
Vanuatu,2011,Milled Rice,0.001
Wallis and Futuna Isds,2011,Milled Rice,0.001
Tuvalu,2011,Milled Rice,0.001
